{"acc": 0.8518578134787326, "loss": 0.2460002760854771, "_timestamp": 1713750271.0677538, "_runtime": 2.0992417335510254, "_step": 7, "_wandb": {"runtime": 0}}