{"acc": 0.8105265288672743, "loss": 0.1797336834386356, "_timestamp": 1713750281.9646327, "_runtime": 2.0983376502990723, "_step": 7, "_wandb": {"runtime": 0}}