{"acc": 0.8284043190016335, "loss": 0.13608988703116767, "_timestamp": 1713746859.0816057, "_runtime": 2.051602602005005, "_step": 7, "_wandb": {"runtime": 0}}