{"acc": 0.8757331782898692, "loss": 0.11704283067242562, "_timestamp": 1713748823.2763605, "_runtime": 2.064715623855591, "_step": 7, "_wandb": {"runtime": 0}}