{"acc": 0.868100061190074, "loss": 0.11790453288664782, "_timestamp": 1713748360.0519474, "_runtime": 1.2203013896942139, "_step": 7, "_wandb": {"runtime": 0}}