{"acc": 0.7132376632527255, "loss": 0.262976135704754, "_timestamp": 1713748371.0130644, "_runtime": 2.0322983264923096, "_step": 7, "_wandb": {"runtime": 0}}