{"acc": 0.873239687275413, "loss": 0.11629565328925717, "_timestamp": 1713748839.77174, "_runtime": 2.0644190311431885, "_step": 7, "_wandb": {"runtime": 0}}