{"acc": 0.8693533401444459, "loss": 0.07895751536617274, "_timestamp": 1713746864.5544424, "_runtime": 2.0974044799804688, "_step": 7, "_wandb": {"runtime": 0}}