{"acc": 0.9600856272106776, "loss": 0.11359923297020838, "_timestamp": 1713746831.6507752, "_runtime": 2.0405032634735107, "_step": 7, "_wandb": {"runtime": 0}}