{"acc": 0.8544613806656264, "loss": 0.10612208042474243, "_timestamp": 1713749927.3690603, "_runtime": 2.138211250305176, "_step": 7, "_wandb": {"runtime": 0}}