{"acc": 0.9198120219532109, "loss": 0.14908675664115886, "_timestamp": 1713748398.3482442, "_runtime": 2.0941102504730225, "_step": 7, "_wandb": {"runtime": 0}}