{"acc": 0.7884081562212322, "loss": 0.23158350749718765, "_timestamp": 1713749949.0503278, "_runtime": 2.0397276878356934, "_step": 7, "_wandb": {"runtime": 0}}