{"acc": 0.7956760571444963, "loss": 0.27610231051113787, "_timestamp": 1713748403.841965, "_runtime": 2.1006929874420166, "_step": 7, "_wandb": {"runtime": 0}}