{"acc": 0.7821587388802098, "loss": 0.17985967397806754, "_timestamp": 1713749954.5327628, "_runtime": 2.0684478282928467, "_step": 7, "_wandb": {"runtime": 0}}