{"acc": 0.7155260364625429, "loss": 0.2024972714057997, "_timestamp": 1713748376.52745, "_runtime": 2.043187141418457, "_step": 7, "_wandb": {"runtime": 0}}