{"acc": 0.8043315518641895, "loss": 0.14060094026718717, "_timestamp": 1713749916.3787172, "_runtime": 2.110408067703247, "_step": 7, "_wandb": {"runtime": 0}}