{"acc": 0.733736294427979, "loss": 0.22765190163712512, "_timestamp": 1713750287.421628, "_runtime": 2.0815799236297607, "_step": 7, "_wandb": {"runtime": 0}}