{"acc": 0.7535870653608614, "loss": 0.2699172051745742, "_timestamp": 1713749987.3359027, "_runtime": 2.0344817638397217, "_step": 7, "_wandb": {"runtime": 0}}