{"acc": 0.8589634253080956, "loss": 0.12175626516515482, "_timestamp": 1713748812.3957503, "_runtime": 2.0694313049316406, "_step": 7, "_wandb": {"runtime": 0}}