{"acc": 0.7709717541597569, "loss": 0.24134400543780576, "_timestamp": 1713750200.320624, "_runtime": 1.6983060836791992, "_step": 7, "_wandb": {"runtime": 0}}