{"acc": 0.8000806358197713, "loss": 0.12309066103158532, "_timestamp": 1713749943.6344564, "_runtime": 2.0532193183898926, "_step": 7, "_wandb": {"runtime": 0}}