{"acc": 0.8377186996970001, "loss": 0.19765192967768452, "_timestamp": 1713750194.8922453, "_runtime": 1.238537311553955, "_step": 7, "_wandb": {"runtime": 0}}