{"acc": 0.814756716748076, "loss": 0.22214663882135055, "_timestamp": 1713750243.8400517, "_runtime": 2.0701136589050293, "_step": 7, "_wandb": {"runtime": 0}}