{"acc": 0.8690253404378914, "loss": 0.07764282382451193, "_timestamp": 1713750276.5207036, "_runtime": 2.0953824520111084, "_step": 7, "_wandb": {"runtime": 0}}