{"acc": 0.8126005357932877, "loss": 0.20204546504275925, "_timestamp": 1713750249.280777, "_runtime": 2.063260078430176, "_step": 7, "_wandb": {"runtime": 0}}