{"acc": 0.7018198546721742, "loss": 0.2759955294071483, "_timestamp": 1713749998.1938388, "_runtime": 2.0434107780456543, "_step": 7, "_wandb": {"runtime": 0}}