{"acc": 0.8206715266095181, "loss": 0.25790885703571226, "_timestamp": 1713750254.6951416, "_runtime": 2.0565226078033447, "_step": 7, "_wandb": {"runtime": 0}}