{"acc": 0.7133941258124945, "loss": 0.19225183052689868, "_timestamp": 1713750025.691099, "_runtime": 2.070580005645752, "_step": 7, "_wandb": {"runtime": 0}}