{"acc": 0.7188273222504378, "loss": 0.20424987876851838, "_timestamp": 1713748392.9155018, "_runtime": 2.091014862060547, "_step": 7, "_wandb": {"runtime": 0}}