{"acc": 0.8916995639063586, "loss": 0.08208308025282862, "_timestamp": 1713748381.9918087, "_runtime": 2.0706417560577393, "_step": 7, "_wandb": {"runtime": 0}}