{"acc": 0.8169207936236984, "loss": 0.26210737674416484, "_timestamp": 1713750211.1745987, "_runtime": 2.066312789916992, "_step": 7, "_wandb": {"runtime": 0}}