{"acc": 0.802370565575128, "loss": 0.155760055130796, "_timestamp": 1713750014.6432824, "_runtime": 2.124504327774048, "_step": 7, "_wandb": {"runtime": 0}}