{"acc": 0.9137403766788232, "loss": 0.1292417293961856, "_timestamp": 1713750232.9945862, "_runtime": 2.079381227493286, "_step": 7, "_wandb": {"runtime": 0}}