{"acc": 0.9675280147480346, "loss": 0.019810445966845253, "_timestamp": 1713750303.774292, "_runtime": 2.066732883453369, "_step": 7, "_wandb": {"runtime": 0}}