{"acc": 0.819128723896426, "loss": 0.14824602809354764, "_timestamp": 1713749932.7865949, "_runtime": 2.0935308933258057, "_step": 7, "_wandb": {"runtime": 0}}