{"acc": 0.8302148145766748, "loss": 0.19421626267317954, "_timestamp": 1713748796.0075955, "_runtime": 1.6513445377349854, "_step": 7, "_wandb": {"runtime": 0}}