{"acc": 0.8945568072370165, "loss": 0.1229864613210684, "_timestamp": 1713750003.6738958, "_runtime": 2.101064920425415, "_step": 7, "_wandb": {"runtime": 0}}