{"acc": 0.768224629249701, "loss": 0.17119702945728707, "_timestamp": 1713750205.7499084, "_runtime": 2.1220195293426514, "_step": 7, "_wandb": {"runtime": 0}}