{"acc": 0.7778999609332646, "loss": 0.22973577453256172, "_timestamp": 1713746837.141769, "_runtime": 2.122704029083252, "_step": 7, "_wandb": {"runtime": 0}}