{"acc": 0.8569554719893736, "loss": 0.15602696410927222, "_timestamp": 1713748790.6579912, "_runtime": 1.2273142337799072, "_step": 7, "_wandb": {"runtime": 0}}