{"acc": 0.86175226741581, "loss": 0.15460753903083016, "_timestamp": 1713750216.62475, "_runtime": 2.041489839553833, "_step": 7, "_wandb": {"runtime": 0}}