{"acc": 0.9068128382735908, "loss": 0.11956966141034876, "_timestamp": 1713748828.7163384, "_runtime": 2.058248281478882, "_step": 7, "_wandb": {"runtime": 0}}