{"acc": 0.7423576517555821, "loss": 0.22493500279573353, "_timestamp": 1713749970.8999803, "_runtime": 2.0677573680877686, "_step": 7, "_wandb": {"runtime": 0}}