{"acc": 0.9081189258205975, "loss": 0.08953992506174215, "_timestamp": 1713748817.8419728, "_runtime": 2.0792858600616455, "_step": 7, "_wandb": {"runtime": 0}}