{"acc": 0.8372764932083079, "loss": 0.15771382501628883, "_timestamp": 1713750260.169121, "_runtime": 2.079324960708618, "_step": 7, "_wandb": {"runtime": 0}}