{"acc": 0.7144734628706271, "loss": 0.2623569824848542, "_timestamp": 1713749900.014569, "_runtime": 1.1837661266326904, "_step": 7, "_wandb": {"runtime": 0}}