{"acc": 0.7510985995896824, "loss": 0.2097723884882649, "_timestamp": 1713749960.000182, "_runtime": 2.0817148685455322, "_step": 7, "_wandb": {"runtime": 0}}