{"acc": 0.9028467207745657, "loss": 0.08664104378591143, "_timestamp": 1713748806.9328394, "_runtime": 2.057166337966919, "_step": 7, "_wandb": {"runtime": 0}}