{"acc": 0.8298928233721058, "loss": 0.15595998157797558, "_timestamp": 1713749905.4771175, "_runtime": 1.6878445148468018, "_step": 7, "_wandb": {"runtime": 0}}