{"acc": 0.872506000009333, "loss": 0.07323971370380614, "_timestamp": 1713750009.2033756, "_runtime": 2.1190006732940674, "_step": 7, "_wandb": {"runtime": 0}}