{"acc": 0.8992541686038298, "loss": 0.18691219963926448, "_timestamp": 1713750238.4012089, "_runtime": 2.0754168033599854, "_step": 7, "_wandb": {"runtime": 0}}