{"acc": 0.775303787206368, "loss": 0.19916358750426766, "_timestamp": 1713746820.766772, "_runtime": 1.6817080974578857, "_step": 7, "_wandb": {"runtime": 0}}