{"acc": 0.8535559413299172, "loss": 0.10267786802098634, "_timestamp": 1713746826.538922, "_runtime": 2.3686280250549316, "_step": 7, "_wandb": {"runtime": 0}}