{"acc": 0.780011904292709, "loss": 0.21487590306850277, "_timestamp": 1713748834.3276002, "_runtime": 2.202693223953247, "_step": 7, "_wandb": {"runtime": 0}}