{"acc": 0.9095187339938918, "loss": 0.053423996399679444, "_timestamp": 1713750292.8916428, "_runtime": 2.102564811706543, "_step": 7, "_wandb": {"runtime": 0}}