{"acc": 0.778201705571599, "loss": 0.1587456297683535, "_timestamp": 1713749921.819566, "_runtime": 2.0772149562835693, "_step": 7, "_wandb": {"runtime": 0}}