{"acc": 0.8635504192168996, "loss": 0.1409951948447208, "_timestamp": 1713749976.3728604, "_runtime": 2.072275400161743, "_step": 7, "_wandb": {"runtime": 0}}