{"acc": 0.7505022586989323, "loss": 0.24012089231564984, "_timestamp": 1713746815.5589836, "_runtime": 1.1978285312652588, "_step": 7, "_wandb": {"runtime": 0}}