{"acc": 0.8826696629099281, "loss": 0.13105791365658773, "_timestamp": 1713748387.4569845, "_runtime": 2.070554494857788, "_step": 7, "_wandb": {"runtime": 0}}