{"acc": 0.8112631613263158, "loss": 0.26512117625169285, "_timestamp": 1713746842.629775, "_runtime": 2.090461015701294, "_step": 7, "_wandb": {"runtime": 0}}