{"acc": 0.8839837838288531, "loss": 0.12019681282259453, "_timestamp": 1713750298.3200932, "_runtime": 2.0813121795654297, "_step": 7, "_wandb": {"runtime": 0}}