{"acc": 0.8820553468866955, "loss": 0.05751075452021356, "_timestamp": 1713746853.636786, "_runtime": 2.166922092437744, "_step": 7, "_wandb": {"runtime": 0}}