{"acc": 0.8124315695772705, "loss": 0.11519703388165, "_timestamp": 1713749981.804954, "_runtime": 2.0646181106567383, "_step": 7, "_wandb": {"runtime": 0}}