{"acc": 0.887273562616195, "loss": 0.15396048085158587, "_timestamp": 1713749938.2489805, "_runtime": 2.0911014080047607, "_step": 7, "_wandb": {"runtime": 0}}