{"acc": 0.9161254881264346, "loss": 0.12148461405304689, "_timestamp": 1713748365.5970838, "_runtime": 1.7932548522949219, "_step": 7, "_wandb": {"runtime": 0}}