{"acc": 0.8177128191702344, "loss": 0.10332145473079825, "_timestamp": 1713750265.6108062, "_runtime": 2.1010491847991943, "_step": 7, "_wandb": {"runtime": 0}}