{"acc": 0.7746428930158126, "loss": 0.15818538859944475, "_timestamp": 1713749965.4461164, "_runtime": 2.051095485687256, "_step": 7, "_wandb": {"runtime": 0}}