{"acc": 0.80713178262972, "loss": 0.2281369461258999, "_timestamp": 1713750227.544645, "_runtime": 2.0582990646362305, "_step": 7, "_wandb": {"runtime": 0}}