{"acc": 0.8733776785767001, "loss": 0.12629624076743035, "_timestamp": 1713746848.0815098, "_runtime": 2.0507397651672363, "_step": 7, "_wandb": {"runtime": 0}}