{"acc": 0.7770260697420206, "loss": 0.21111073740550995, "_timestamp": 1713748409.3179183, "_runtime": 2.056565284729004, "_step": 7, "_wandb": {"runtime": 0}}