{"acc": 0.8626516959374648, "loss": 0.10402796013145427, "_timestamp": 1713750222.117647, "_runtime": 2.0971829891204834, "_step": 7, "_wandb": {"runtime": 0}}