{"acc": 0.8473738700413536, "loss": 0.18919778783331168, "_timestamp": 1713748801.5133214, "_runtime": 2.1022884845733643, "_step": 7, "_wandb": {"runtime": 0}}