{"acc": 0.801300289350694, "loss": 0.1892712927242307, "_timestamp": 1713750020.2849216, "_runtime": 2.2695236206054688, "_step": 7, "_wandb": {"runtime": 0}}