{"acc": 0.7630559717832444, "loss": 0.2680014526323628, "_timestamp": 1713749910.9069486, "_runtime": 2.080035448074341, "_step": 7, "_wandb": {"runtime": 0}}