{"acc": 0.8444282688644338, "loss": 0.24965634394315642, "_timestamp": 1713749992.8128526, "_runtime": 2.089064598083496, "_step": 7, "_wandb": {"runtime": 0}}